Date,S&P500,FTSE100,Nikkei225,EEM,Gold,UST10Y
2018-04-09,0.01,-0.01,-0.01,0.01,-0.01,-0.01
2018-04-10,0.01,-0.01,-0.01,0.01,-0.01,-0.01
2018-04-11,-0.01,-0.01,0.01,-0.01,-0.01,-0.01
2018-04-12,-0.01,-0.01,-0.01,-0.01,-0.01,-0.01
2018-04-13,-0.01,-0.01,0.01,-0.01,-0.01,-0.01
2018-04-16,-0.01,-0.01,-0.01,-0.01,-0.01,-0.01
2018-04-17,-0.01,-0.01,0.01,-0.01,-0.01,-0.01
2018-04-18,-0.01,-0.01,0.01,-0.01,-0.01,-0.01
2018-04-19,-0.01,-0.01,0.01,-0.01,-0.01,-0.01
2018-04-20,-0.01,-0.01,0.01,-0.01,-0.01,-0.01
2018-04-23,-0.01,-0.01,0.01,-0.01,-0.01,-0.01
2018-04-24,-0.01,-0.01,0.01,-0.01,-0.01,-0.01
2018-04-25,-0.01,-0.01,-0.01,-0.01,-0.01,-0.01
2018-04-26,-0.01,-0.01,0.01,-0.01,0.01,-0.01
2018-04-27,-0.01,-0.01,0.01,-0.01,0.01,-0.01
2018-05-01,-0.01,-0.01,0.01,-0.01,0.01,-0.01
2018-05-02,-0.01,-0.01,0.01,-0.01,0.01,-0.01
2018-05-08,-0.01,-0.01,0.01,-0.005724918,0.01,-0.01
2018-05-09,-0.01,-0.01,0.01,-0.01,0.01,-0.01
2018-05-10,-0.01,-0.01,0.01,-0.01,0.01,-0.01
2018-05-11,-0.01,-0.01,0.01,-0.01,0.01,-0.01
2018-05-14,-0.01,-0.01,0.01,-0.01,0.01,-0.01
2018-05-15,-0.01,-0.01,0.01,-0.01,0.01,-0.01
2018-05-16,-0.01,-0.01,-0.01,0.01,0.01,-0.01
2018-05-17,-0.01,-0.01,0.01,0.008348353,0.01,-0.01
2018-05-18,-0.01,-0.01,0.01,0.01,0.01,-0.01
2018-05-21,0.01,-0.01,-0.01,0.01,0.01,-0.01
2018-05-22,-0.01,-0.01,0.01,0.01,0.01,-0.01
2018-05-23,-0.0015765317,-0.01,0.01,0.01,0.01,-0.01
2018-05-24,0.01,0.01,0.01,0.01,0.01,-0.01
2018-05-25,0.01,0.01,0.01,0.01,0.01,-0.01
2018-05-29,0.01,0.01,-0.01,0.01,0.01,-0.01
2018-05-30,0.01,-0.01,-0.01,0.01,0.01,0.01
2018-05-31,0.01,0.01,0.01,0.01,0.01,-0.01
2018-06-01,-0.0061446987,-0.01,-0.01,0.01,0.01,-0.01
2018-06-04,-0.01,-0.01,0.01,-0.01,0.01,-0.01
2018-06-05,-0.01,-0.01,0.01,-0.01,0.01,-0.01
2018-06-06,-0.01,-0.01,-0.01,-0.01,0.01,-0.01
2018-06-07,-0.01,-0.01,0.01,-0.01,-0.01,-0.01
2018-06-08,-0.01,-0.01,-0.01,-0.01,-0.008768946,-0.01
2018-06-11,-0.01,-0.01,-0.01,-0.01,-0.01,-0.01
2018-06-12,-0.01,-0.01,-0.01,-0.01,-0.01,-0.01
2018-06-13,-0.01,-0.01,-0.01,-0.01,-0.01,-0.01
2018-06-14,-0.01,-0.01,-0.01,-0.01,-0.01,-0.01
2018-06-15,-0.01,-0.01,-0.01,-0.01,-0.01,-0.01
2018-06-18,-0.01,-0.01,-0.01,-0.01,0.01,-0.01
2018-06-19,-0.01,-0.01,-0.01,-0.01,0.005518079,-0.01
2018-06-20,-0.01,-0.01,0.01,-0.01,-0.01,-0.01
2018-06-21,-0.01,-0.01,0.01,-0.01,-0.01,-0.01
2018-06-22,-0.01,-0.01,-0.01,-0.01,-0.01,-0.01
2018-06-25,-0.01,-0.01,0.01,-0.01,-0.01,-0.01
2018-06-26,-0.01,-0.01,-0.01,-0.01,-0.01,-0.01
2018-06-27,-0.01,-0.01,-0.01,-0.01,0.01,-0.01
2018-06-28,-0.01,-0.01,-0.01,-0.01,0.01,-0.01
2018-06-29,-0.01,-0.01,0.01,-0.01,0.01,-0.01
2018-07-02,-0.01,-0.01,0.01,-0.01,0.01,-0.01
2018-07-03,-0.01,-0.01,0.01,-0.01,0.01,-0.01
2018-07-05,-0.01,-0.01,-0.01,-0.01,0.01,-0.01
2018-07-06,-0.01,-0.01,0.01,-0.01,0.01,-0.01
2018-07-09,-0.01,-0.01,0.01,-0.01,0.01,-0.01
2018-07-10,-0.01,-0.01,0.01,-0.01,0.01,-0.01
2018-07-11,-0.01,-0.01,-0.01,-0.01,0.01,-0.01
2018-07-12,-0.01,-0.01,-0.01,-0.01,0.01,-0.01
2018-07-13,-0.01,-0.01,-0.01,-0.01,0.01,-0.01
2018-07-16,-0.01,-0.01,-0.01,-0.01,0.01,-0.01
2018-07-17,-0.01,-0.01,-0.01,-0.01,0.01,-0.01
2018-07-18,-0.01,-0.01,-0.01,-0.01,0.01,-0.01
2018-07-19,-0.01,-0.01,-0.01,-0.01,0.01,-0.01
2018-07-20,-0.01,-0.01,-0.01,-0.01,0.01,-0.01
2018-07-23,-0.01,-0.01,-0.01,-0.01,0.01,-0.01
2018-07-24,-0.01,-0.01,0.01,-0.01,0.01,-0.01
2018-07-25,-0.01,-0.01,0.01,-0.01,0.01,-0.01
2018-07-26,-0.01,-0.01,0.01,-0.01,0.01,-0.01
2018-07-27,-0.01,-0.01,0.01,-0.01,0.01,-0.01
2018-07-30,-0.01,-0.01,-0.01,-0.01,0.01,-0.01
2018-07-31,-0.01,-0.01,-0.01,-0.01,0.01,-0.01
2018-08-01,-0.01,-0.01,0.01,-0.01,0.01,-0.01
2018-08-02,-0.01,-0.01,-0.01,-0.01,0.01,-0.01
2018-08-03,0.01,0.01,0.01,0.01,0.01,-0.01
2018-08-06,-0.01,0.01,0.01,0.0090576075,0.01,-0.01
2018-08-07,-0.01,0.0095256865,0.01,-0.0025745928,0.01,-0.01
2018-08-08,-0.01,-0.01,0.01,-0.01,0.01,-0.01
2018-08-09,-0.01,-0.01,0.01,-0.01,0.01,-0.01
2018-08-10,-0.01,-0.01,0.01,-0.01,0.01,-0.01
2018-08-13,0.01,-0.01,-0.01,0.01,0.01,0.01
2018-08-14,0.01,0.01,0.01,0.01,0.01,-0.006173877
2018-08-15,0.01,-0.01,-0.01,0.01,0.01,-0.01
2018-08-16,0.004275631,-0.01,-0.01,0.01,0.01,-0.01
2018-08-17,-0.01,-0.01,0.01,-0.01,0.01,-0.01
2018-08-20,-0.01,-0.01,0.01,-0.01,0.01,-0.01
2018-08-21,-0.01,-0.01,0.01,-0.01,-0.0061282218,-0.01
2018-08-22,-0.01,-0.01,0.01,-0.01,-0.01,-0.01
2018-08-23,-0.01,-0.01,-0.01,-0.01,-0.01,-0.01
2018-08-24,-0.01,-0.01,-0.01,-0.01,0.01,-0.01
2018-08-28,-0.01,-0.01,-0.01,-0.01,0.009138092,-0.01
2018-08-29,-0.01,-0.01,-0.01,-0.01,-0.01,-0.01
2018-08-30,-0.01,-0.01,-0.01,-0.01,-0.01,-0.01
2018-08-31,-0.01,-0.01,-0.01,-0.01,-0.01,-0.01
2018-09-04,-0.01,-0.01,-0.01,-0.01,-0.01,-0.01
2018-09-05,-0.01,-0.01,-0.01,-0.01,-0.01,-0.01
2018-09-06,-0.01,-0.01,-0.01,-0.01,-0.01,-0.01
2018-09-07,-0.01,-0.01,-0.01,-0.01,-0.01,-0.01
2018-09-10,-0.01,-0.01,-0.01,-0.01,-0.01,-0.01
2018-09-11,-0.01,-0.01,-0.01,-0.01,-0.01,-0.01
2018-09-12,-0.01,-0.01,-0.01,-0.01,-0.01,-0.01
2018-09-13,-0.01,-0.01,-0.01,-0.01,-0.01,-0.01
2018-09-14,-0.01,-0.01,-0.01,-0.01,-0.01,-0.01
2018-09-18,-0.01,-0.01,-0.01,-0.01,-0.01,-0.01
2018-09-19,-0.01,-0.01,-0.01,-0.01,-0.01,-0.01
2018-09-20,-0.01,-0.01,-0.01,-0.01,-0.01,-0.01
2018-09-21,-0.01,-0.01,-0.01,-0.01,-0.01,-0.01
2018-09-25,-0.01,-0.01,-0.01,-0.01,-0.01,-0.01
2018-09-26,-0.01,-0.01,-0.01,-0.01,-0.01,-0.01
2018-09-27,-0.01,-0.01,-0.01,-0.01,-0.01,-0.01
2018-09-28,-0.01,-0.01,0.006953761,-0.01,0.006053731,-0.01
2018-10-01,-0.01,-0.01,-0.01,-0.01,0.01,-0.01
2018-10-02,-0.01,-0.01,-0.01,-0.01,0.01,-0.01
2018-10-03,-0.01,-0.01,-0.01,-0.01,0.01,-0.01
2018-10-04,-0.01,-0.01,0.01,-0.01,0.01,-0.01
2018-10-05,0.01,-0.01,-0.01,0.01,0.01,-0.01
2018-10-09,0.01,-0.01,-0.01,0.01,0.01,-0.01
2018-10-10,0.01,0.01,0.01,0.01,0.01,-0.01
2018-10-11,0.01,-0.01,-0.01,0.01,0.01,-0.01
2018-10-12,0.01,0.005200263,-0.01,0.01,0.01,-0.01
2018-10-15,0.01,0.01,0.01,0.01,0.01,-0.01
2018-10-16,0.01,0.01,0.01,0.01,0.01,-0.01
2018-10-17,0.01,0.01,0.01,0.01,0.01,-0.01
2018-10-18,-0.01,-0.01,-0.01,-0.01,0.01,-0.01
2018-10-19,-0.0038134493,-0.01,-0.01,0.01,-0.01,-0.01
2018-10-22,-0.01,-0.01,0.01,0.01,-0.01,-0.01
2018-10-23,0.01,-0.01,-0.01,0.01,-0.01,-0.01
2018-10-24,0.01,0.01,0.01,0.01,-0.01,-0.01
2018-10-25,0.01,-0.008505352,-0.01,0.01,-0.01,0.01
2018-10-26,0.01,0.01,0.01,0.01,-0.01,0.01
2018-10-29,0.01,0.01,-0.01,0.01,-0.01,0.01
2018-10-30,0.01,0.01,0.01,0.01,-0.01,0.01
2018-10-31,0.01,0.01,0.01,0.01,0.0066338927,-0.01
2018-11-01,0.01,0.01,0.01,0.01,0.01,-0.01
2018-11-02,0.01,0.01,0.01,0.01,-0.01,-0.01
2018-11-05,0.01,-0.01,-0.01,0.01,-0.01,-0.01
2018-11-06,0.01,0.01,0.01,0.01,-0.01,-0.01
2018-11-07,0.01,-0.01,0.01,0.01,-0.01,-0.01
2018-11-08,-0.01,0.01,0.01,-0.01,-0.01,-0.01
2018-11-09,-0.01,-0.01,-0.01,-0.01,-0.01,-0.01
2018-11-12,-0.01,-0.01,-0.01,0.01,-0.01,-0.01
2018-11-13,0.01,-0.01,-0.01,0.01,-0.01,-0.01
2018-11-14,-0.01,-0.01,-0.01,0.01,-0.01,-0.01
2018-11-15,-0.01,-0.01,-0.01,0.01,-0.01,-0.01
2018-11-16,-0.01,0.01,0.01,-0.01,-0.01,-0.01
2018-11-19,-0.01,-0.01,-0.01,-0.01,-0.01,-0.01
2018-11-20,-0.01,-0.01,-0.01,-0.01,-0.01,-0.01
2018-11-21,-0.01,-0.01,-0.01,-0.01,-0.01,-0.01
2018-11-26,-0.01,-0.01,-0.01,-0.01,0.01,-0.01
2018-11-27,-0.01,-0.01,-0.01,-0.01,0.01,-0.01
2018-11-28,-0.01,-0.01,-0.01,-0.01,0.01,-0.01
2018-11-29,-0.01,-0.01,0.01,-0.01,-0.01,-0.01
2018-11-30,-0.01,-0.01,-0.01,-0.01,-0.01,-0.01
2018-12-03,-0.01,-0.01,-0.01,-0.01,-0.01,-0.01
2018-12-04,-0.01,-0.01,0.01,-0.01,-0.01,-0.01
2018-12-06,-0.01,-0.01,-0.01,-0.01,-0.01,-0.01
2018-12-07,-0.01,-0.01,-0.01,-0.01,-0.01,-0.01
2018-12-10,-0.01,-0.01,-0.01,-0.01,-0.01,-0.01
2018-12-11,-0.01,-0.01,-0.01,-0.01,-0.01,-0.01
2018-12-12,-0.01,-0.01,-0.01,-0.01,-0.01,-0.01
2018-12-13,-0.01,-0.01,-0.01,-0.01,-0.01,-0.01
2018-12-14,-0.01,-0.01,-0.01,-0.01,-0.01,-0.01
2018-12-17,-0.01,-0.01,-0.01,-0.01,0.01,-0.01
2018-12-18,-0.01,-0.01,-0.01,-0.01,0.01,-0.01
2018-12-19,-0.01,-0.01,-0.01,-0.01,0.01,-0.01
2018-12-20,-0.01,-0.01,-0.01,-0.01,0.01,-0.01
2018-12-21,-0.01,-0.01,-0.01,-0.01,0.01,-0.01
2018-12-27,-0.00054877624,-0.01,-0.01,0.01,0.01,-0.01
2018-12-28,0.01,0.01,0.01,-0.01,0.01,-0.01
2019-01-04,0.01,0.01,0.01,0.01,0.01,-0.01
2019-01-07,0.01,0.01,0.01,-0.01,0.01,-0.01
2019-01-08,0.01,0.01,0.01,0.01,0.01,0.01
2019-01-09,0.01,0.01,0.01,0.01,0.01,0.01
2019-01-10,0.01,0.01,0.01,0.01,-0.01,0.01
2019-01-11,0.01,0.01,0.01,0.01,-0.01,0.01
2019-01-15,0.01,0.01,0.01,0.01,-0.01,0.01
2019-01-16,0.01,0.01,0.01,0.01,-0.01,0.01
2019-01-17,0.01,0.01,0.01,0.01,-0.01,0.01
2019-01-18,0.01,0.01,0.01,0.01,-0.01,0.01
2019-01-22,0.01,0.01,0.01,0.01,-0.01,0.01
2019-01-23,0.01,0.01,0.01,0.01,-0.01,0.01
2019-01-24,0.01,0.01,0.01,0.01,-0.01,0.01
2019-01-25,0.01,0.01,0.01,0.01,-0.01,0.01
2019-01-28,0.01,0.01,0.01,0.01,-0.01,0.01
2019-01-29,0.01,0.01,-0.01,0.01,-0.01,0.01
2019-01-30,0.01,0.01,-0.01,0.01,-0.01,0.01
2019-01-31,-0.01,0.01,0.01,-0.01,-0.01,-0.01
2019-02-01,-0.01,-0.01,0.01,-0.01,-0.01,-0.01
2019-02-04,-0.01,-0.01,0.01,-0.01,-0.01,-0.01
2019-02-05,-0.01,-0.01,0.01,-0.01,-0.01,-0.01
2019-02-06,-0.01,-0.01,0.01,-0.01,-0.01,-0.01
2019-02-07,-0.01,-0.01,0.01,-0.01,-0.01,0.01
2019-02-08,0.01,-0.01,-0.01,-0.01,-0.01,0.01
2019-02-12,0.01,0.01,0.01,0.01,-0.01,0.01
2019-02-13,0.01,0.01,0.01,0.01,-0.01,0.01
2019-02-14,0.01,0.01,0.01,0.01,-0.01,0.01
2019-02-15,0.01,0.01,0.01,0.01,-0.01,0.01
2019-02-19,0.01,0.01,0.01,0.01,-0.01,0.01
2019-02-20,0.01,0.01,0.01,0.01,-0.01,0.01
2019-02-21,0.01,0.01,0.01,-0.0014891177,-0.01,0.01
2019-02-22,0.01,-0.01,-0.01,0.01,-0.01,0.01
2019-02-25,0.01,0.01,0.01,-0.01,-0.007973492,0.01
2019-02-26,0.01,-0.01,0.01,-0.01,0.0045867115,0.002320391
2019-02-27,0.01,-0.01,-0.01,-0.01,0.01,-0.01
2019-02-28,0.01,-0.01,-0.01,-0.01,0.01,-0.01
2019-03-01,0.01,-0.01,-0.01,0.01,0.01,-0.01
2019-03-04,0.0055285543,-0.01,0.01,-0.01,0.01,-0.01
2019-03-05,-0.01,-0.01,0.01,-0.01,-0.0025432706,-0.01
2019-03-06,-0.01,-0.01,0.01,-0.01,-0.01,-0.01
2019-03-07,-0.0006438941,-0.01,0.01,-0.008902095,0.01,-0.01
2019-03-08,0.01,-0.01,-0.01,0.01,0.01,0.01
2019-03-11,0.01,0.01,0.01,0.01,0.01,0.01
2019-03-12,0.01,0.01,0.01,0.01,0.01,0.01
2019-03-13,0.01,0.01,0.01,0.01,-0.008874744,0.01
2019-03-14,0.01,0.01,0.01,0.01,-0.01,0.01
2019-03-15,0.01,0.01,0.01,0.01,-0.01,0.01
2019-03-18,0.00885364,0.01,0.01,-0.01,-0.01,0.01
2019-03-19,-0.01,-0.004332781,0.01,-0.01,-0.01,0.01
2019-03-20,-0.01,-0.01,0.01,-0.01,-0.01,0.01
2019-03-22,-0.01,-0.01,-0.01,-0.01,-0.01,0.01
2019-03-25,0.01,-0.01,-0.01,0.01,-0.01,0.01
2019-03-26,0.01,0.01,-0.01,0.01,-0.01,0.01
2019-03-27,0.01,0.01,-0.01,0.01,-0.01,0.01
2019-03-28,0.01,-0.01,-0.01,0.01,-0.01,0.01
2019-03-29,-0.01,0.01,0.01,-0.0041731223,-0.01,0.01
2019-04-01,-0.01,-0.01,0.01,-0.01,-0.01,0.01
2019-04-02,-0.01,-0.01,0.01,-0.01,-0.01,0.01
2019-04-03,-0.01,-0.01,0.01,-0.01,-0.01,0.01
2019-04-04,-0.01,-0.01,0.01,-0.01,-0.01,0.0031486338
2019-04-05,-0.01,-0.01,0.01,-0.01,-0.01,0.0046093985
2019-04-08,-0.01,-0.01,0.01,-0.01,-0.01,-0.01
2019-04-09,-0.01,-0.01,0.01,-0.01,-0.01,-0.01
2019-04-10,-0.01,-0.01,-0.01,-0.01,-0.01,-0.01
2019-04-11,-0.01,-0.01,-0.01,-0.01,0.01,-0.01
2019-04-12,-0.01,-0.01,-0.01,-0.01,0.01,-0.01
2019-04-15,-0.01,-0.01,0.01,-0.01,0.01,-0.01
2019-04-16,-0.01,-0.01,-0.01,-0.01,-0.0015140474,0.0026429256
2019-04-17,-0.01,-0.01,0.01,-0.01,-0.01,-0.0056266896
2019-04-18,-0.01,-0.01,0.01,-0.01,-0.01,0.01
2019-04-23,-0.01,-0.01,0.01,-0.01,-0.01,0.01
2019-04-24,-0.01,-0.01,0.01,-0.01,-0.01,0.01
2019-04-25,0.01,-0.01,0.01,-0.01,-0.005877048,0.01
2019-04-26,0.01,0.01,0.01,-0.0011118874,0.0007714182,0.01
2019-05-07,0.01,0.01,0.01,0.01,-0.009674236,0.01
2019-05-08,0.01,0.01,-0.01,0.01,0.01,0.01
2019-05-09,0.01,0.01,0.01,0.01,0.01,0.01
2019-05-10,0.01,0.01,-0.01,0.01,-0.007292643,0.01
2019-05-13,0.01,0.01,0.01,0.01,-0.01,0.01
2019-05-14,0.01,-0.01,-0.01,0.01,-0.01,0.01
2019-05-15,0.01,0.01,0.01,0.01,-0.01,-0.01
2019-05-16,-0.01,-0.01,0.01,-0.01,-0.01,-0.01
2019-05-17,-0.01,-0.01,0.01,-0.01,-0.01,-0.01
2019-05-20,-0.01,-0.01,-0.01,-0.01,-0.01,-0.01
2019-05-21,-0.01,-0.01,-0.01,-0.01,-0.01,-0.01
2019-05-22,-0.01,-0.01,0.01,-0.01,-0.01,-0.01
2019-05-23,-0.01,-0.01,-0.01,-0.01,-0.01,-0.01
2019-05-24,-0.01,-0.01,-0.01,-0.01,-0.01,-0.01
2019-05-28,-0.01,-0.01,-0.01,-0.01,-0.005498931,-0.01
2019-05-29,-0.01,-0.01,-0.01,-0.01,0.01,-0.01
2019-05-30,-0.01,-0.01,-0.01,-0.01,0.01,-0.01
2019-05-31,-0.01,-0.01,0.01,-0.01,0.01,-0.01
2019-06-03,-0.01,-0.01,-0.01,0.01,0.01,-0.01
2019-06-04,0.01,0.01,-0.01,0.01,0.01,0.01
2019-06-05,-0.01,0.01,0.01,-0.01,0.01,0.01
2019-06-06,0.0032670908,0.01,0.01,0.01,0.01,0.01
2019-06-07,-0.01,0.01,0.01,-0.007879868,-0.01,0.01
2019-06-10,0.0065833293,0.01,0.01,0.01,-0.01,0.01
2019-06-11,0.01,0.01,0.01,0.01,-0.01,0.01
2019-06-12,0.01,0.01,0.01,0.01,-0.01,0.01
2019-06-13,0.01,0.01,0.01,0.01,-0.01,0.01
2019-06-14,0.01,0.01,0.01,0.01,-0.01,0.01
2019-06-17,0.01,0.01,0.01,0.01,-0.01,0.01
2019-06-18,0.01,0.01,0.01,0.01,-0.01,0.01
2019-06-19,0.01,0.01,0.01,0.01,-0.01,0.01
2019-06-20,0.01,0.01,0.01,0.0040883273,-0.01,0.01
2019-06-21,-0.01,0.007995777,0.01,-0.01,-0.01,0.01
2019-06-24,-0.01,-0.01,0.01,-0.01,-0.01,0.01
2019-06-25,-0.01,-0.01,-0.01,-0.01,-0.01,0.01
2019-06-26,-0.01,-0.01,-0.01,-0.01,-0.01,0.01
2019-06-27,-0.01,-0.01,-0.01,-0.01,-0.01,0.01
2019-06-28,-0.01,-0.01,-0.01,-0.01,-0.01,0.01
2019-07-01,-0.01,-0.01,-0.01,-0.01,-0.01,0.01
2019-07-02,-0.01,-0.01,0.01,-0.01,-0.01,0.01
2019-07-03,-0.01,-0.01,-0.01,-0.01,-0.01,0.01
2019-07-05,-0.01,-0.01,0.008035719,-0.01,-0.01,0.01
2019-07-08,-0.01,-0.01,-0.008952677,-0.01,-0.01,0.01
2019-07-09,-0.01,-0.01,-0.01,-0.01,-0.01,0.01
2019-07-10,-0.01,-0.01,-0.01,-0.01,-0.01,0.01
2019-07-11,-0.01,-0.01,0.01,-0.01,-0.01,0.01
2019-07-12,-0.01,-0.01,0.01,-0.01,-0.01,0.01
2019-07-16,-0.01,-0.01,0.01,-0.01,-0.01,0.01
2019-07-17,-0.01,-0.01,0.01,-0.01,-0.01,0.01
2019-07-18,-0.01,-0.01,-0.01,-0.01,-0.01,0.01
2019-07-19,0.01,0.01,0.01,-0.01,-0.01,0.01
2019-07-22,0.01,0.01,-0.01,0.01,-0.01,0.01
2019-07-23,0.01,0.01,0.01,0.01,-0.0037981272,0.01
2019-07-24,0.01,0.01,0.01,0.01,-0.01,0.01
2019-07-25,0.01,0.01,0.01,0.01,-0.01,0.01
2019-07-26,0.01,0.01,-0.01,0.01,-0.01,0.01
2019-07-29,0.01,0.01,0.01,-0.00068379194,-0.01,0.01
2019-07-30,-0.01,-0.01,0.01,-0.01,-0.01,0.01
2019-07-31,0.01,-0.01,-0.01,-0.01,-0.01,0.01
2019-08-01,0.01,-0.01,-0.01,0.01,-0.01,0.01
2019-08-02,0.01,-0.01,-0.01,0.01,-0.01,0.01
2019-08-05,0.01,-0.01,-0.01,0.01,0.01,0.01
2019-08-06,0.01,-0.01,-0.01,0.01,0.01,0.01
2019-08-07,0.01,0.01,0.01,0.01,0.01,0.01
2019-08-08,0.01,0.01,0.01,0.01,0.01,0.01
2019-08-09,0.01,0.01,0.01,0.01,0.01,0.01
2019-08-13,0.01,0.01,0.01,0.01,0.01,0.01
2019-08-14,0.01,0.01,0.01,0.01,0.01,0.01
2019-08-15,0.01,0.01,-0.01,0.01,0.01,0.01
2019-08-16,0.01,0.01,-0.01,0.01,0.0026326925,0.01
2019-08-19,0.01,0.01,0.01,0.01,0.01,0.01
2019-08-20,0.01,0.01,0.01,0.01,0.01,0.01
2019-08-21,0.01,0.01,0.004845783,0.01,0.01,0.01
2019-08-22,0.01,0.01,0.01,0.01,0.01,0.01
2019-08-23,0.01,0.01,0.01,0.01,0.01,0.0036244385
2019-08-27,0.01,0.01,-0.01,0.01,0.01,0.01
2019-08-28,0.01,0.01,0.01,0.01,0.01,0.01
2019-08-29,0.01,0.01,0.01,0.01,0.01,0.01
2019-08-30,0.01,0.01,0.01,0.01,0.01,0.01
2019-09-03,0.01,0.01,0.01,0.01,0.01,-0.01
2019-09-04,0.01,0.01,-0.01,0.01,0.01,-0.01
2019-09-05,-0.01,0.01,0.01,-0.01,0.01,-0.01
2019-09-06,-0.01,-0.01,0.01,-0.01,0.01,-0.01
2019-09-09,-0.01,-0.01,-0.01,-0.01,0.01,-0.01
2019-09-10,-0.01,-0.01,-0.01,-0.01,0.002032891,-0.01
2019-09-11,-0.01,-0.01,0.01,-0.01,-0.01,-0.01
2019-09-12,-0.01,-0.01,0.01,-0.01,-0.01,-0.01
2019-09-13,-0.01,-0.01,0.01,-0.01,-0.01,-0.01
2019-09-17,-0.01,-0.01,0.01,-0.01,-0.01,-0.01
2019-09-18,-0.01,-0.01,-0.01,-0.01,0.01,-0.01
2019-09-19,-0.01,-0.01,-0.01,-0.01,0.01,-0.01
2019-09-20,-0.01,-0.01,-0.01,-0.01,0.01,-0.01
2019-09-24,-0.01,-0.01,-0.01,-0.01,0.01,-0.01
2019-09-25,-0.01,-0.01,-0.01,-0.01,0.01,-0.01
2019-09-26,-0.01,-0.01,-0.01,-0.01,0.01,-0.01
2019-09-27,-0.01,-0.01,-0.01,-0.01,0.01,-0.01
2019-09-30,-0.01,-0.01,-0.01,-0.01,0.01,0.01
2019-10-01,-0.01,-0.01,0.01,-0.01,0.01,0.01
2019-10-02,-0.01,-0.01,-0.01,0.01,0.01,0.01
2019-10-03,0.01,-0.01,-0.01,0.01,0.01,0.01
2019-10-04,0.01,0.01,0.01,0.01,0.01,0.01
2019-10-07,0.01,0.01,0.01,0.01,0.01,0.01
2019-10-08,0.01,0.01,0.01,0.01,0.01,0.01
2019-10-09,0.01,0.01,-0.01,0.01,0.01,0.01
2019-10-10,0.01,0.01,0.01,0.01,0.01,0.01
2019-10-11,0.01,0.01,0.01,0.01,0.01,0.01
2019-10-15,0.01,0.01,0.01,0.01,-0.01,-0.0055163843
2019-10-16,0.01,0.01,0.01,0.01,-0.01,-0.01
2019-10-17,0.01,-0.0046042874,-0.01,0.01,-0.01,-0.01
2019-10-18,-0.01,0.01,-0.01,-0.01,-0.01,-0.01
2019-10-21,-0.01,-0.01,-0.01,-0.01,-0.01,-0.01
2019-10-23,-0.01,0.01,-0.01,-0.01,-0.01,-0.01
2019-10-24,-0.01,-0.01,-0.01,-0.01,-0.01,-0.01
2019-10-25,-0.01,-0.01,-0.01,-0.01,-0.01,-0.01
2019-10-28,-0.01,-0.01,0.0021925867,-0.01,-0.0076681077,-0.01
2019-10-29,-0.01,-0.01,0.01,-0.01,0.01,-0.01
2019-10-30,-0.01,-0.01,-0.01,-0.01,0.01,-0.01
2019-10-31,-0.01,-0.01,0.01,-0.01,0.01,-0.01
2019-11-01,0.01,-0.01,-0.01,-0.01,0.01,0.01
2019-11-05,-0.01,0.01,0.01,-0.01,0.01,0.01
2019-11-06,-0.01,0.01,0.01,-0.01,-0.01,0.01
2019-11-07,0.01,0.01,0.01,-0.01,-0.01,0.01
2019-11-08,-0.0065321214,0.01,0.01,-0.01,-0.01,0.01
2019-11-11,0.01,0.01,0.01,-0.01,-0.01,0.01
2019-11-12,0.01,0.01,0.01,0.01,-0.01,0.01
2019-11-13,0.01,0.01,0.01,0.01,-0.01,0.01
2019-11-14,0.01,0.01,0.01,0.01,-0.01,0.01
2019-11-15,0.01,0.01,0.01,0.01,-0.01,0.01
2019-11-18,0.01,0.01,0.01,0.01,-0.01,0.01
2019-11-19,0.01,0.01,0.01,0.01,-0.01,0.01
2019-11-20,0.01,0.01,0.01,0.01,-0.01,0.01
2019-11-21,0.01,0.01,-0.01,0.01,-0.01,0.01
2019-11-22,0.01,0.01,0.0053516626,0.01,-0.01,0.01
2019-11-25,-0.01,0.01,0.01,0.01,-0.01,0.01
2019-11-26,-0.01,-0.01,0.01,-0.01,-0.01,0.01
2019-11-27,-0.01,-0.01,0.01,-0.01,-0.01,0.01
2019-11-29,-0.01,-0.01,0.01,-0.01,-0.01,0.01
2019-12-02,-0.01,-0.01,-0.01,-0.01,-0.01,0.01
2019-12-03,-0.01,-0.01,-0.01,-0.01,-0.01,0.01
2019-12-04,-0.01,-0.01,-0.01,0.01,-0.01,0.01
2019-12-05,-0.01,0.01,0.01,-0.01,-0.01,0.01
2019-12-06,-0.01,-0.01,-0.01,-0.01,-0.01,0.01
2019-12-09,-0.01,0.01,0.01,-0.01,-0.01,0.01
2019-12-10,-0.01,-0.01,-0.01,-0.01,-0.01,0.01
2019-12-11,-0.01,-0.01,0.0031060427,0.01,-0.01,0.01
2019-12-12,-0.01,0.01,0.01,-0.0090768,-0.01,0.01
2019-12-13,-0.01,0.01,0.01,-0.01,-0.01,-0.0007620666
2019-12-16,-0.01,-0.01,-0.01,-0.01,-0.01,0.01
2019-12-17,-0.01,-0.01,0.01,-0.01,-0.01,0.01
2019-12-18,-0.01,-0.01,0.01,-0.01,-0.01,0.01
2019-12-19,-0.01,-0.01,0.01,-0.01,-0.01,0.009814359
2019-12-20,-0.01,-0.01,0.01,-0.01,0.01,-0.01
2019-12-23,-0.01,-0.008931693,0.01,-0.01,0.01,-0.01
2019-12-24,-0.01,0.0030511394,0.01,-0.01,0.01,-0.01
2019-12-27,-0.01,0.0038248822,0.01,-0.01,0.01,-0.01
2019-12-30,-0.01,0.01,0.01,-0.005332183,0.01,-0.01
2020-01-06,0.01,0.01,0.01,0.01,0.01,-0.01
2020-01-07,0.01,0.01,0.01,0.01,0.01,-0.01
2020-01-08,0.01,0.01,0.01,0.01,0.01,0.01
2020-01-09,0.01,0.01,0.01,0.01,0.01,0.01
2020-01-10,0.01,0.01,0.01,0.01,0.01,0.01
2020-01-14,0.01,0.01,-0.01,0.01,0.01,0.01
2020-01-15,0.01,0.01,0.01,0.01,0.01,0.01
2020-01-16,0.01,0.01,-0.01,0.01,0.01,0.01
2020-01-17,0.01,0.01,0.01,0.01,-0.01,0.01
2020-01-21,0.01,0.01,0.01,0.01,-0.01,0.01
2020-01-22,0.01,0.01,-0.01,0.01,-0.01,0.01
2020-01-23,0.01,0.01,-0.01,0.01,-0.01,0.01
2020-01-24,0.01,0.01,-0.01,0.01,-0.01,0.01
2020-01-27,0.01,0.01,-0.01,0.01,-0.01,0.01
2020-01-28,0.01,0.01,-0.01,0.01,-0.01,0.01
2020-01-29,0.01,0.01,0.01,0.01,-0.01,0.01
2020-01-30,0.01,0.01,-0.01,0.01,-0.01,0.01
2020-01-31,0.01,0.01,0.0090658665,0.01,0.01,0.01
2020-02-03,0.01,0.01,-0.01,0.01,-0.00045531988,0.01
2020-02-04,0.01,0.01,0.01,0.01,0.01,0.01
2020-02-05,0.01,0.01,0.01,0.01,0.01,0.01
2020-02-06,-0.01,0.01,0.01,0.01,0.01,-0.01
2020-02-07,-0.01,-0.01,-0.009783447,-0.01,-0.01,-0.01
2020-02-10,-0.01,-0.01,-0.01,-0.01,-0.01,-0.01
2020-02-12,-0.01,-0.01,-0.01,-0.01,-0.01,-0.01
2020-02-13,-0.01,-0.01,0.01,-0.01,-0.01,-0.01
2020-02-14,-0.01,-0.01,-0.01,-0.01,-0.01,-0.01
2020-02-18,-0.01,-0.01,-0.01,-0.01,-0.01,-0.01
2020-02-19,-0.01,-0.01,-0.01,-0.01,-0.01,-0.01
2020-02-20,-0.01,-0.01,-0.01,-0.01,-0.01,-0.01
2020-02-21,-0.01,-0.01,-0.01,-0.01,-0.01,-0.01
2020-02-25,-0.01,-0.01,-0.01,-0.01,-0.01,-0.01
2020-02-26,-0.01,-0.01,-0.01,-0.01,-0.01,0.01
2020-02-27,-0.01,-0.01,-0.01,0.01,-0.01,0.01
2020-02-28,0.01,0.01,-0.01,0.01,-0.01,0.01
2020-03-02,0.01,0.01,0.01,0.01,0.01,0.01
2020-03-03,0.01,0.01,0.01,0.01,0.01,0.01
2020-03-04,0.01,0.01,-0.01,0.01,0.01,0.01
2020-03-05,0.01,0.01,0.01,0.01,0.01,0.01
2020-03-06,0.01,0.01,-0.01,0.01,0.01,0.01
2020-03-09,0.01,0.01,-0.01,0.01,0.01,0.01
2020-03-10,0.01,0.01,-0.01,0.01,0.01,0.01
2020-03-11,0.01,0.01,0.01,0.01,0.01,0.01
2020-03-12,0.01,0.01,-0.01,0.01,0.01,0.01
2020-03-13,0.01,0.01,0.01,0.01,0.01,0.01
2020-03-16,0.01,0.01,0.01,0.01,-0.0015079081,0.01
2020-03-17,0.01,0.01,0.01,0.01,0.01,0.01
2020-03-18,0.01,0.01,0.01,0.01,0.01,0.01
2020-03-19,0.01,0.01,0.01,0.01,0.01,0.01
2020-03-23,0.01,0.01,0.01,0.01,0.01,0.01
2020-03-24,0.01,0.01,-0.01,0.01,0.01,0.01
2020-03-25,0.01,0.01,0.01,0.01,0.01,0.01
2020-03-26,0.01,0.01,0.01,0.01,0.01,0.01
2020-03-27,0.01,0.01,0.01,0.01,0.01,0.01
2020-03-30,0.01,0.01,-0.01,0.01,0.01,0.01
2020-03-31,0.01,0.01,0.01,0.01,0.01,0.01
2020-04-01,0.01,0.01,0.01,0.01,0.01,0.01
2020-04-02,0.01,0.01,-0.01,0.01,0.01,0.01
2020-04-03,0.01,0.01,0.01,0.01,0.01,0.01
2020-04-06,0.01,0.01,-0.01,0.01,0.01,0.01
2020-04-07,0.01,0.01,0.01,0.01,-0.01,0.01
2020-04-08,0.01,0.01,0.01,0.01,-0.0041317195,0.01
2020-04-09,0.01,0.01,0.01,0.01,-0.01,0.01
2020-04-14,0.01,0.01,0.01,0.01,-0.01,0.01
2020-04-15,0.01,0.01,0.01,0.01,-0.01,0.01
2020-04-16,0.01,0.01,-0.01,0.01,-0.01,0.01
2020-04-17,0.01,0.01,0.01,0.01,-0.01,0.01
2020-04-20,0.01,0.01,0.01,0.01,-0.01,0.01
2020-04-21,0.01,0.01,-0.01,0.01,-0.008028701,0.01
2020-04-22,0.01,0.01,-0.01,0.01,-0.01,0.01
2020-04-23,0.01,0.01,0.01,0.01,-0.01,0.01
2020-04-24,0.01,0.01,-0.01,0.01,-0.01,0.01
2020-04-27,0.01,0.01,0.01,0.01,-0.01,0.01
2020-04-28,0.01,0.01,0.01,0.01,-0.01,0.01
2020-04-30,0.01,0.01,-0.01,0.01,-0.01,0.01
2020-05-01,-0.01,0.01,0.01,-0.01,-0.01,-0.01
2020-05-07,-0.01,-0.01,-0.01,0.01,-0.01,0.01
2020-05-11,-0.01,0.01,0.01,-0.01,-0.01,0.01
2020-05-12,-0.01,-0.01,0.01,-0.01,-0.01,-0.01
2020-05-13,-0.01,-0.01,-0.01,-0.01,-0.01,-0.01
2020-05-14,-0.01,-0.01,-0.01,-0.01,-0.01,-0.01
2020-05-15,0.01,0.01,-0.004064679,-0.01,-0.01,0.01
2020-05-18,0.01,0.01,-0.01,0.01,-0.01,0.01
2020-05-19,-0.01,0.01,0.01,-0.01,-0.01,0.01
2020-05-20,-0.01,-0.01,-0.01,-0.01,-0.01,-0.01
2020-05-21,-0.01,-0.01,0.01,-0.01,-0.01,-0.01
2020-05-22,-0.01,-0.01,-0.01,-0.01,-0.01,0.01
2020-05-26,0.01,0.01,-0.01,-0.01,-0.01,0.01
2020-05-27,-0.01,0.01,0.01,-0.01,-0.01,0.01
2020-05-28,-0.01,-0.01,0.01,-0.01,-0.01,0.01
2020-05-29,-0.01,-0.01,-0.01,-0.01,-0.01,0.01
2020-06-01,-0.01,-0.01,0.01,-0.01,-0.01,0.01
2020-06-02,-0.01,-0.01,0.01,-0.01,-0.01,0.01
2020-06-03,-0.01,-0.01,0.01,-0.01,-0.01,-0.01
2020-06-04,-0.01,-0.01,0.01,-0.01,-0.01,-0.01
2020-06-05,-0.01,-0.01,-0.01,-0.01,-0.0023107678,-0.01
2020-06-08,-0.01,-0.01,0.01,-0.01,0.01,-0.01
2020-06-09,-0.01,-0.01,0.01,-0.01,0.01,-0.01
2020-06-10,-0.01,-0.01,-0.01,-0.01,0.01,-0.01
2020-06-11,-0.01,-0.01,-0.01,-0.01,0.01,-0.01
2020-06-12,0.01,-0.01,-0.01,0.01,0.01,-0.01
2020-06-15,0.01,0.01,0.01,0.01,0.01,-0.01
2020-06-16,0.01,0.01,0.01,0.01,0.01,-0.01
2020-06-17,0.01,0.01,0.01,0.01,0.01,-0.01
2020-06-18,0.01,0.01,-0.01,0.01,0.01,-0.01
2020-06-19,0.01,0.01,-0.01,0.01,0.01,-0.01
2020-06-22,0.01,0.01,-0.01,0.01,0.01,0.01
2020-06-23,0.01,0.01,0.01,0.01,0.01,0.01
2020-06-24,0.01,0.01,-0.01,0.01,0.01,0.01
2020-06-25,0.01,0.01,-0.01,0.01,0.01,0.01
2020-06-26,0.01,0.01,0.01,0.01,-0.01,0.01
2020-06-29,0.01,0.01,-0.01,0.01,0.0075697303,0.01
2020-06-30,0.01,0.01,0.01,0.01,-0.01,0.01
2020-07-01,0.01,0.01,0.01,0.01,-0.01,0.01
2020-07-02,0.01,0.01,0.01,0.01,-0.01,0.01
2020-07-06,0.01,0.01,0.01,0.01,-0.01,0.01
2020-07-07,0.01,0.01,0.01,0.01,-0.01,0.01
2020-07-08,0.01,0.01,-0.01,0.01,-0.01,0.01
2020-07-09,0.01,0.01,0.01,0.01,-0.01,0.01
2020-07-10,0.01,0.01,-0.01,0.01,0.01,0.01
2020-07-13,0.01,0.01,0.01,0.01,0.01,0.01
2020-07-14,0.01,0.01,-0.01,0.01,0.01,0.01
2020-07-15,0.01,0.01,0.01,0.01,-0.01,0.01
2020-07-16,-0.01,0.01,0.01,-0.01,-0.01,0.01
2020-07-17,-0.01,-0.01,-0.01,-0.0099765565,-0.01,0.01
2020-07-20,-0.01,-0.01,0.01,-0.01,-0.01,0.01
2020-07-21,-0.01,-0.01,0.01,-0.01,-0.01,0.01
2020-07-22,-0.01,-0.01,-0.0070792288,-0.01,-0.01,0.01
2020-07-27,-0.01,-0.01,-0.01,-0.01,-0.01,0.01
2020-07-28,-0.01,-0.01,-0.01,-0.01,-0.01,0.01
2020-07-29,-0.01,-0.01,-0.01,-0.01,-0.01,0.01
2020-07-30,-0.01,-0.01,0.01,-0.01,-0.01,0.01
2020-07-31,-0.01,-0.01,-0.01,-0.01,-0.01,0.01
2020-08-03,-0.01,0.01,0.01,-0.01,-0.01,0.01
2020-08-04,-0.01,0.01,0.01,-0.01,-0.01,0.01
2020-08-05,-0.01,0.01,-0.01,-0.01,-0.01,0.01
2020-08-06,-0.01,0.01,0.01,-0.01,-0.01,0.01
2020-08-07,-0.01,0.01,0.01,-0.01,-0.01,0.01
2020-08-11,-0.01,0.01,0.01,-0.01,-0.01,0.01
2020-08-12,-0.01,-0.01,-0.01,-0.01,-0.01,-0.01
2020-08-13,-0.01,-0.01,0.01,-0.01,-0.01,-0.01
2020-08-14,-0.01,-0.01,-0.01,-0.01,-0.01,-0.01
2020-08-17,-0.01,-0.01,-0.01,-0.01,-0.01,-0.01
2020-08-18,-0.01,-0.01,-0.01,-0.01,-0.01,-0.01
2020-08-19,-0.01,-0.01,-0.01,-0.01,0.01,-0.01
2020-08-20,-0.01,-0.0002181232,-0.01,0.01,0.01,-0.01
2020-08-21,0.01,0.01,-0.01,0.01,0.01,-0.01
2020-08-24,0.01,0.01,0.01,0.01,0.01,0.01
2020-08-25,0.01,0.01,0.01,0.01,0.01,0.01
2020-08-26,0.01,0.01,0.01,0.01,0.01,0.01
2020-08-27,0.01,0.01,0.01,0.01,0.01,0.01
2020-08-28,0.01,0.01,0.01,0.01,0.01,0.01
2020-09-01,-0.01,0.01,0.01,-0.002170246,0.01,0.01
2020-09-02,-0.01,0.01,-0.01,0.01,-0.01,0.01
2020-09-03,-0.01,0.01,0.01,-0.01,-0.01,0.01
2020-09-04,0.01,0.01,-0.01,0.01,0.01,0.01
2020-09-08,0.01,0.01,-0.01,0.01,-0.01,0.01
2020-09-09,0.01,0.01,-0.01,0.01,0.01,0.01
2020-09-10,0.01,0.01,0.01,0.01,-0.01,0.01
2020-09-11,0.01,0.01,-0.01,0.01,0.01,0.01
2020-09-14,0.01,0.01,-0.01,0.01,0.01,0.01
2020-09-15,0.01,0.01,0.01,0.01,0.01,0.01
2020-09-16,0.01,0.01,0.01,0.01,0.01,0.01
2020-09-17,0.01,0.01,-0.01,0.01,0.01,0.01
2020-09-18,0.01,0.01,-0.01,0.01,0.01,0.01
2020-09-23,0.01,0.01,-0.01,0.01,0.01,0.01
2020-09-24,0.01,0.01,-0.01,0.01,0.01,0.01
2020-09-25,0.01,0.01,0.01,0.01,0.01,0.01
2020-09-28,0.01,0.01,0.01,0.01,0.01,0.01
2020-09-29,0.01,0.01,0.01,0.01,0.01,0.01
2020-09-30,0.01,0.01,-0.01,0.01,0.01,0.01
2020-10-02,0.01,0.01,0.01,0.01,0.01,0.0007990713
2020-10-05,0.01,0.01,0.01,0.01,0.01,-0.01
2020-10-06,-0.01,0.01,0.01,-0.01,0.01,-0.01
2020-10-07,-0.01,-0.01,-0.01,-0.01,0.01,-0.01
2020-10-08,-0.01,-0.01,0.01,-0.01,0.01,-0.01
2020-10-09,-0.01,-0.01,-0.01,-0.01,0.01,-0.01
2020-10-12,-0.01,-0.01,0.01,-0.01,0.01,-0.01
2020-10-13,-0.01,-0.01,0.01,-0.01,0.01,-0.01
2020-10-14,-0.01,-0.01,-0.01,-0.01,0.01,-0.01
2020-10-15,-0.01,-0.01,-0.01,-0.01,0.01,-0.01
2020-10-16,0.01,0.01,-0.01,0.01,0.01,0.01
2020-10-19,0.01,0.01,0.01,0.01,-0.0031728446,0.01
2020-10-20,0.01,-0.01,-0.01,0.01,-0.01,0.01
2020-10-21,0.01,0.01,0.01,0.01,-0.01,0.01
2020-10-22,0.01,-0.01,-0.01,0.01,-0.01,0.0075414684
2020-10-23,-0.01,0.01,0.01,-0.01,-0.01,-0.01
2020-10-26,-0.01,0.002172254,0.01,-0.01,-0.01,-0.01
2020-10-27,-0.01,-0.01,-0.01,0.01,-0.01,-0.01
2020-10-28,0.01,-0.00037601218,-0.01,0.01,-0.01,-0.01
2020-10-29,0.01,-0.01,-0.01,0.01,0.01,0.01
2020-10-30,0.01,0.01,0.01,0.01,0.01,0.01
2020-11-02,0.01,0.01,-0.01,0.01,-0.01,0.01
2020-11-04,0.01,0.01,0.01,0.01,0.01,-0.01
2020-11-05,0.01,0.01,0.01,-0.01,0.01,-0.01
2020-11-06,-0.01,0.01,0.01,-0.01,0.01,-0.01
2020-11-09,-0.01,-0.01,0.01,-0.01,0.01,-0.01
2020-11-10,-0.01,-0.01,0.01,-0.01,0.01,-0.01
2020-11-11,-0.01,-0.01,0.01,-0.01,0.01,-0.01
2020-11-12,-0.01,-0.01,0.01,-0.01,0.01,-0.01
2020-11-13,-0.01,-0.01,-0.01,-0.01,0.01,-0.01
2020-11-16,0.004527293,0.01,0.01,-0.01,0.01,-0.01
2020-11-17,-0.01,0.01,0.01,-0.01,0.01,-0.01
2020-11-18,0.01,0.01,-0.01,0.01,0.01,-0.01
2020-11-19,0.01,0.01,-0.01,0.01,0.01,-0.01
2020-11-20,0.01,0.01,-0.01,0.01,0.01,0.01
2020-11-24,0.01,0.01,-0.01,0.01,0.01,0.01
2020-11-25,0.01,0.01,0.01,0.01,0.01,-0.01
2020-11-27,0.01,0.01,-0.01,0.01,0.01,-0.01
2020-11-30,0.01,0.01,-0.01,0.01,0.01,-0.01
2020-12-01,0.01,0.01,-0.01,0.01,0.01,-0.01
2020-12-02,-0.01,0.01,0.01,0.01,0.01,-0.01
2020-12-03,-0.01,-0.01,-0.01,-0.01,0.01,-0.01
2020-12-04,-0.01,-0.01,-0.01,-0.01,0.01,-0.01
2020-12-07,-0.01,-0.01,0.01,-0.01,0.01,-0.01
2020-12-08,-0.01,-0.01,-0.01,-0.01,0.01,-0.01
2020-12-09,-0.01,-0.01,-0.01,-0.01,0.01,-0.01
2020-12-10,-0.01,-0.01,-0.01,0.01,0.01,-0.01
2020-12-11,0.01,0.01,-0.01,0.01,0.01,-0.01
2020-12-14,0.01,0.01,-0.01,0.01,0.01,0.01
2020-12-15,0.01,0.01,-0.01,0.01,0.01,0.01
2020-12-16,0.01,0.01,0.01,0.01,0.01,0.01
2020-12-17,0.01,0.01,0.01,0.01,0.01,0.01
2020-12-18,0.01,0.01,0.01,0.01,0.01,0.01
2020-12-21,0.01,0.0031288639,-0.01,0.01,-0.01,0.01
2020-12-23,0.01,-0.01,-0.01,0.01,0.01,0.01
2020-12-24,0.01,0.01,0.01,0.01,0.01,0.01
2020-12-29,0.01,0.01,-0.01,0.01,0.01,0.01
2020-12-30,0.01,0.01,0.01,0.01,-0.01,0.01
